{
    "description": "Analytic integrals of polynomials in 2D",
    "values": {
        "range": [
            3.4,
            9.7,
            -3.5,
            2.1
        ],
        "p0": {
            "coeffs_u": [
                -1.642357862750984
            ],
            "coeffs_v": [
                3.1190826851658358
            ],
            "integral": -180.72709103165437
        },
        "p1": {
            "coeffs_u": [
                4.889799400705311,
                8.2263827733643
            ],
            "coeffs_v": [
                3.8028950598224966,
                -4.167307526953836
            ],
            "integral": 13933.92501740892
        },
        "p2": {
            "coeffs_u": [
                -2.4516789718337932,
                -7.9377796298739955,
                5.2902824362468674
            ],
            "coeffs_v": [
                -0.15401406467385925,
                4.166955977702962,
                1.8875188249997485
            ],
            "integral": 18681.868508278367
        },
        "p3": {
            "coeffs_u": [
                -3.973813502470165,
                -9.785768565994054,
                -0.7856248996033504,
                1.513808236343408
            ],
            "coeffs_v": [
                -0.06394967921051808,
                6.47453228200574,
                8.916469933668544,
                -8.388492099432959
            ],
            "integral": 1065187.722564664
        },
        "p4": {
            "coeffs_u": [
                2.430648698532769,
                -0.6252348684780564,
                1.3627882599739642,
                -6.272180462304561,
                -3.1668918926775973
            ],
            "coeffs_v": [
                -5.8546538035639735,
                3.3765241879156793,
                4.983706873719466,
                -5.670486796467584,
                -7.121203951142423
            ],
            "integral": 39116064.727627635
        },
        "p5": {
            "coeffs_u": [
                -7.145683305975847,
                3.9127550583679067,
                3.0603911661127583,
                -7.808672536761194,
                -9.982249769792052,
                9.060171394818731
            ],
            "coeffs_v": [
                8.52304960238498,
                2.1409323448295936,
                -9.252034978094091,
                9.890230638533666,
                -7.015297397535498,
                5.036592506438806
            ],
            "integral": -2896503608.4797883
        },
        "p6": {
            "coeffs_u": [
                2.3297203195490024,
                -1.3216941779010192,
                -7.47225169447492,
                6.038653734066003,
                -7.171646937094421,
                -3.1181579328144915,
                1.941499539127193
            ],
            "coeffs_v": [
                1.8096701422534416,
                -4.881288565415933,
                0.2067211530515003,
                -6.8834802298724584,
                -4.366469304928621,
                -5.688478355025226,
                -0.5547908394375582
            ],
            "integral": 1527317799.5248282
        },
        "p7": {
            "coeffs_u": [
                8.028685875093796,
                -8.986508969610956,
                -0.32513715618545547,
                9.92560477485597,
                -2.079594460373835,
                7.604627830122624,
                3.4321017640314384,
                5.698162762623811
            ],
            "coeffs_v": [
                9.789705926685773,
                -6.522761244369848,
                -4.864807055487123,
                -2.3112230923035497,
                5.413855376743836,
                -1.6545574231914824,
                -7.246802739391402,
                5.021608612332768
            ],
            "integral": -1190488615301.24
        },
        "p8": {
            "coeffs_u": [
                -5.432190969789998,
                9.602795198515363,
                5.491692430019279,
                -4.0937187354152105,
                4.138751727887255,
                1.4659119687767852,
                -0.9437043194092745,
                1.4946999951728444,
                -7.451587167402223
            ],
            "coeffs_v": [
                6.435633608491376,
                5.164990079649932,
                -1.170880173020933,
                7.627377576842118,
                -1.6649696302169286,
                5.734404970207546,
                3.2012627990318556,
                -6.673926458298174,
                -9.220124933747353
            ],
            "integral": 38275273327014.93
        },
        "p9": {
            "coeffs_u": [
                -1.5032535897227142,
                -4.824749411440155,
                0.6647604360880734,
                6.840122230582807,
                -3.5981471107112046,
                -0.7614579096230294,
                6.235438378841721,
                -0.00046319446025577804,
                0.8843369249377879,
                3.8056619590655476
            ],
            "coeffs_v": [
                9.547507911812986,
                -4.99796716428925,
                1.0580193071894346,
                -5.840305580324692,
                2.1366338181223377,
                -1.9263339990988797,
                5.016968772756641,
                8.380135828862791,
                5.812997170570181,
                -5.3938304639890955
            ],
            "integral": 525464983204336.8
        },
        "p10": {
            "coeffs_u": [
                -3.4807185158580296,
                -5.880867158139289,
                7.7307798667683905,
                9.096246098118186,
                4.562090569998972,
                8.67507795716364,
                9.558803489655816,
                6.191311114361234,
                -6.627971491300297,
                -8.093454341742854,
                -7.599106424605826
            ],
            "coeffs_v": [
                -4.378317950640975,
                3.463553130172393,
                6.660635739341522,
                2.652369738249309,
                -3.1254409874857947,
                -9.372118664216673,
                6.965427880486104,
                -9.231439857176799,
                -0.47369084268944484,
                2.888252119943912,
                0.8205267976909347
            ],
            "integral": -1307518229741567.8
        },
        "p11": {
            "coeffs_u": [
                -0.0559087128116893,
                -3.777848085002919,
                -8.886684857263386,
                -1.8007592112903286,
                6.398102110040156,
                1.6391523266970367,
                -2.2839183394297997,
                -8.498360326890552,
                -3.668376988693094,
                2.8811064854760957,
                5.29001966829151,
                -8.72779079402063
            ],
            "coeffs_v": [
                1.9820514891657215,
                -7.013897142812253,
                -6.2607853199949615,
                2.780035710324926,
                -9.883172325602123,
                9.307051567669415,
                5.237018185099288,
                -4.576370191252195,
                -6.974630457940954,
                2.835015556164471,
                -0.4252091065419705,
                0.3350138312617581
            ],
            "integral": 1.2059667843447602e+17
        },