{
    "description": "Analytic integrals of polynomials",
    "values": {
        "range": [
            3.4,
            9.7
        ],
        "P0": {
            "coeffs": [
                2.694148786236239
            ],
            "integral": 16.9731373532883
        },
        "P1": {
            "coeffs": [
                -0.7847963625732124,
                -7.506825314636034
            ],
            "integral": -314.7133636926671
        },
        "P2": {
            "coeffs": [
                5.47540312194662,
                0.738792693293691,
                5.0825061630744095
            ],
            "integral": 1544.6157618697387
        },
        "P3": {
            "coeffs": [
                3.547717853918332,
                -6.887115069743899,
                6.458135474211094,
                9.239995904049408
            ],
            "integral": 21759.826959335587
        },
        "P4": {
            "coeffs": [
                3.685371653719983,
                -7.4706175166864375,
                -7.12243125880879,
                5.566448659523735,
                6.2994163739920666
            ],
            "integral": 117393.34588977788
        },
        "P5": {
            "coeffs": [
                6.552571878045178,
                4.912455580597484,
                -4.784385528563906,
                8.265722730432103,
                6.958523489575025,
                2.9449978725449775
            ],
            "integral": 543838.9469997198
        },
        "P6": {
            "coeffs": [
                9.126138750649776,
                3.3934836113414875,
                6.730034181067516,
                3.815188766558645,
                -0.29540164504420474,
                5.266740148791611,
                9.843055827318949
            ],
            "integral": 12089317.07348613
        },
        "P7": {
            "coeffs": [
                -7.43869231839152,
                -8.771650600415445,
                1.2515481260231347,
                -7.1706920616628,
                9.023820035177383,
                0.6503198296960946,
                -2.878283544896778,
                -0.5278181827155137
            ],
            "integral": -8261276.585669798
        },
        "P8": {
            "coeffs": [
                -3.1608868573625326,
                4.039016163097262,
                5.3473409282019055,
                3.111019988044525,
                -0.0811537329729255,
                -3.4666052202839843,
                -6.672980494302729,
                -3.9109584004186093,
                7.917766228461524
            ],
            "integral": 622284484.4000484
        },
        "P9": {
            "coeffs": [
                2.5445346356413268,
                -3.7613038255937266,
                1.298782320398896,
                -1.6343908082364003,
                8.585005313779206,
                7.3120835740995425,
                4.41007344360087,
                8.57555235915168,
                6.697739380599657,
                -0.10246192999630033
            ],
            "integral": 580395276.7594943
        },
        "P10": {
            "coeffs": [
                -4.298233176320858,
                -2.299245487267898,
                9.677836450355283,
                9.182854567295095,
                3.9091974711052373,
                5.942031119388339,
                3.5248371205317586,
                -2.5936468241221817,
                -6.247297113512229,
                9.819783427379633,
                -9.11867986792716
            ],
            "integral": -52602772808.1463
        },
        "P11": {
            "coeffs": [
                -1.4325625847733434,
                0.8215532862943284,
                -6.853944098034395,
                8.827366381681752,
                -8.230054663921791,
                6.280419561884475,
                4.928610056882468,
                1.7080407905015509,
                -9.061861774872064,
                0.7811963813746772,
                -3.294431897876482,
                0.08933228617902422
            ],
            "integral": -16423608157.247791
        },
        "P12": {
            "coeffs": [
                5.435111951700257,
                2.3730430334154775,
                -6.0851456314564745,
                8.246548083947161,
                -6.760306032829019,
                -2.5546708423794673,
                4.221158453120054,
                -7.273997590359826,
                9.775525432418771,
                -3.349399728656941,
                4.349196664821511,
                -4.31707150015283,
                1.3480211762392003
            ],
            "integral": 474844780983.2877
        },
        "P13": {
            "coeffs": [
                9.064144917845535,
                2.3609730660836163,
                -5.984192181758599,
                -9.823327276543916,
                -5.483519537114465,
                -2.5540051082756747,
                -5.708532360603662,
                -9.339022777508891,
                -0.7911796923193393,
                1.1488709893974836,
                1.652124760614031,
                9.641810415776693,
                -4.545367497858059,
                2.99327736432533
            ],
            "integral": 12173715320230.076
        },
        "P14": {
            "coeffs": [
                -9.81348822576313,
                6.097545321088617,
                9.600035582936272,
                2.5732701739969333,
                7.143878470629627,
                -7.976058055653037,
                -6.072078094405297,
                -0.9352160938414134,
                -2.635711408638004,
                -4.767322235069791,
                8.316441453478994,
                8.23899269065733,
                -4.130263339578781,
                3.723773753421698,
                -9.322297408843898
            ],
            "integral": -377804206972214.5
        },
        "P15": {
            "coeffs": [
                8.307987215384237,
                3.499289395195804,
                -2.8121009013468363,
                4.183295669964291,
                -7.807555450441493,
                -7.179990604533235,
                -1.2490356401202014,
                -3.913522931075544,
                -0.3309107431194036,
                -4.00394515389221,
                -8.189112446171706,
                2.426168477962719,
                -3.548073837766699,
                8.627753707748436,
                7.563766138455094,
                -0.942471654343489
            ],
            "integral": -4026017724182.6875
        }
    }
}