{
    "description": "Analytic integrals of polynomials in 1D",
    "values": {
        "range": [
            3.4,
            9.7
        ],
        "P0": {
            "coeffs": [
                -2.1624362072997023
            ],
            "integral": -13.623348105988123
        },
        "P1": {
            "coeffs": [
                8.898081759074557,
                -4.635503603324613
            ],
            "integral": -135.22614110902043
        },
        "P2": {
            "coeffs": [
                4.412388669675913,
                -1.9187130561765287,
                4.5121468120701085
            ],
            "integral": 1262.2120707261195
        },
        "P3": {
            "coeffs": [
                3.420377507949727,
                4.026649837527273,
                -5.187003750910739,
                -5.765514801115819
            ],
            "integral": -13890.153382890176
        },
        "P4": {
            "coeffs": [
                -0.5121999318326225,
                -8.489886809454486,
                -3.4402185087785853,
                -2.338087838537117,
                6.708187368590487
            ],
            "integral": 108149.688329403
        },
        "P5": {
            "coeffs": [
                -9.530131877953744,
                -6.943266764918377,
                -9.883008525271734,
                -8.444872545186385,
                0.002049337177179922,
                -9.24751147786672
            ],
            "integral": -1303035.8103150493
        },
        "P6": {
            "coeffs": [
                7.126816245355791,
                2.7023027757211437,
                -3.113313145593059,
                -4.856427986198602,
                0.611289947874063,
                6.495947257423143,
                -8.152609137531392
            ],
            "integral": -8504865.021334853
        },
        "P7": {
            "coeffs": [
                5.367901570963504,
                2.3193994319176614,
                -5.846443089044426,
                7.641368557655792,
                -4.3241637611494195,
                -7.359744739846212,
                5.632572077386129,
                8.47272360642608
            ],
            "integral": 88405193.22691406
        },
        "P8": {
            "coeffs": [
                -8.577381555660361,
                -0.7896455074762638,
                -3.25039223598446,
                -4.845312883654107,
                4.439463309413728,
                -1.5167580113149448,
                -4.384000521352974,
                -3.2296348933640306,
                -4.184769427009234
            ],
            "integral": -390295508.95132357
        },
        "P9": {
            "coeffs": [
                -8.22758605654875,
                -9.234895493726313,
                -7.190349917147385,
                -8.092298546886202,
                3.694622528645228,
                4.959057797664359,
                0.4105883760677287,
                5.417010117793437,
                -6.7059825793378085,
                4.568416543095356
            ],
            "integral": 2856617356.979474
        },
        "P10": {
            "coeffs": [
                0.9090827293054069,
                -2.7973279685504764,
                4.984663612167388,
                -2.152698879824511,
                -2.650196951835369,
                5.865127887192971,
                4.899031995767121,
                6.061042488364741,
                2.208540100919503,
                0.05479584141272653,
                -7.848669843274607
            ],
            "integral": -50744630921.10422
        },
        "P11": {
            "coeffs": [
                7.728459615487935,
                -3.414620017705536,
                6.325130363069967,
                4.91088647501541,
                7.910013179604846,
                0.2824629424063154,
                -0.8140616159325109,
                -0.4978608134555742,
                2.389416362656087,
                1.982634487042322,
                -9.190521764695,
                4.693326241799339
            ],
            "integral": 213263317137.70465
        },
        "P12": {
            "coeffs": [
                3.831072672141527,
                4.299386059952035,
                -4.092040801988739,
                -8.208428531480315,
                -6.038219944590613,
                9.365723537798619,
                2.910263857262592,
                -6.4045908258297235,
                7.959778947792977,
                -6.7737209578567,
                -8.480843830534345,
                -0.4711967043002918,
                9.896911398532495
            ],
            "integral": 5036981334578.855
        },
        "P13": {
            "coeffs": [
                3.4305226428423925,
                -0.13170844729591025,
                -8.29648707329964,
                -1.2276798215801854,
                9.024053225643694,
                -2.3998550418528852,
                -1.4129711625016768,
                7.056151904435918,
                -6.106165556585587,
                -4.8038650052608745,
                -2.954112554253774,
                8.141109203762962,
                -1.9721572766734585,
                -2.789025609729636
            ],
            "integral": -13579037269498.623
        },
        "P14": {
            "coeffs": [
                6.168725156571963,
                -8.781309809616552,
                1.6515033604417049,
                4.890451690396036,
                7.4940914531513805,
                -7.845212945567774,
                -9.482323735291637,
                -7.190592108802258,
                -0.5407207618122207,
                -6.250921816176533,
                -2.391612869465236,
                -9.698181317953196,
                -4.588508481507418,
                -7.7248107935460775,
                -3.178876494642269
            ],
            "integral": -173180043576378.03
        },
        "P15": {
            "coeffs": [
                1.9608207478327184,
                4.124921079613431,
                -8.017416929243792,
                -6.209460723180618,
                -5.034892822954324,
                2.2879589349912894,
                -5.230348684279271,
                8.489097656015346,
                8.571035470860803,
                -6.04056922825567,
                8.490286481711816,
                8.611974137611384,
                8.823417753565991,
                -2.608121786020514,
                -1.827177220273077,
                2.0978029246106864
            ],
            "integral": 721182462003389.6
        }
    }
}