{
    "description": "Analytic integrals of polynomials in 1D",
    "values": {
        "range": [
            3.4,
            9.7
        ],
        "p0": {
            "coeffs": [
                8.35000904394602
            ],
            "integral": 52.60505697685992
        },
        "p1": {
            "coeffs": [
                -5.057790974031901,
                4.199363585633417
            ],
            "integral": 141.42265522476197
        },
        "p2": {
            "coeffs": [
                8.628101706874297,
                7.021454250745116,
                3.9350421372109796
            ],
            "integral": 1489.678622521577
        },
        "p3": {
            "coeffs": [
                -6.305691882177442,
                -4.330415224894786,
                0.7352586810086574,
                4.58144448967178
            ],
            "integral": 9982.371205090894
        },
        "p4": {
            "coeffs": [
                -1.8995673176402068,
                -6.245697908572911,
                -0.3838615037113904,
                9.469594586754866,
                9.493480736907195
            ],
            "integral": 182445.41706569685
        },
        "p5": {
            "coeffs": [
                9.88648734316407,
                4.398360373381074,
                -9.276943650186961,
                -4.964428462867556,
                9.371784325855213,
                -7.157152898099223
            ],
            "integral": -844948.0135344957
        },
        "p6": {
            "coeffs": [
                -2.2464731046131714,
                9.81150913170297,
                9.951095434059042,
                -5.780478646008671,
                9.53100227963117,
                8.794626994278225,
                1.685586427048536
            ],
            "integral": 3316537.4051707266
        },
        "p7": {
            "coeffs": [
                9.286467163928151,
                6.43748500823796,
                5.224848693631301,
                6.408291076205817,
                6.285108913092632,
                -6.879674385404164,
                -8.87888860964765,
                6.361210294831615
            ],
            "integral": 51233222.79922378
        },
        "p8": {
            "coeffs": [
                -6.940331197967316,
                8.046433812033879,
                5.397514015157341,
                -2.8776360175528843,
                1.7778730684873167,
                -6.816441944905409,
                -4.3907540747842955,
                -1.6971580884167103,
                7.904344438499301
            ],
            "integral": 645021277.5062466
        },
        "p9": {
            "coeffs": [
                -3.827960847360014,
                -7.460046546643806,
                2.4972321209542017,
                0.9687503094038501,
                3.0918412223437937,
                8.360584268755208,
                -3.920757133769528,
                -2.6059628442652656,
                3.777075221444937,
                -5.709270232475669
            ],
            "integral": -3919844280.0422063
        },
        "p10": {
            "coeffs": [
                -8.752516353847444,
                0.8745174246781673,
                -8.233901401498464,
                8.090113117301769,
                -0.8752866591853188,
                5.1934976386499585,
                5.2234722221109475,
                1.7799117702216307,
                -9.446393644865163,
                3.043237046973175,
                -3.4752478146310466
            ],
            "integral": -21128013259.321846
        },
        "p11": {
            "coeffs": [
                7.670355563508075,
                8.536182530428988,
                -3.8728999913315114,
                8.83478289637122,
                -3.84472842301403,
                -4.535577214747899,
                1.8402924076847889,
                -4.548143344726312,
                -6.967087198864183,
                5.587808171494981,
                3.09027215923512,
                7.100256968779668
            ],
            "integral": 434120787793.9593
        },
        "p12": {
            "coeffs": [
                -9.809375531841644,
                9.983543850600658,
                -6.746009042914409,
                1.7551924155074197,
                3.056484467068838,
                -9.332985443421567,
                -8.831868622964205,
                -4.938788184767844,
                -5.455507343117308,
                -7.656982150259443,
                9.49216737015568,
                -6.1527019394247695,
                -3.2899891576660423
            ],
            "integral": -2003460182313.684
        },
        "p13": {
            "coeffs": [
                -7.91299026404396,
                6.064060958953256,
                6.85091307517294,
                2.965489625585846,
                0.8051931779939121,
                7.573118055469848,
                -3.7022028789439165,
                0.35236317089332303,
                -3.1882833040401515,
                5.191750415353555,
                1.205687337043182,
                -3.2427631714195897,
                -7.144976987437186,
                -8.338565735433189
            ],
            "integral": -42758826145892.58
        },
        "p14": {
            "coeffs": [
                0.42802949340332397,
                9.755322872133632,
                0.17908673853280632,
                7.9958558018392125,
                8.601217758013565,
                -8.139779430849883,
                9.307952938874116,
                -7.941646610332837,
                4.975508239624283,
                2.080362866886425,
                9.770313041186789,
                5.8882533671323305,
                -1.8043481854529997,
                -8.797696443232578,
                4.559459116646824
            ],
            "integral": 150932579219540.22
        },
        "p15": {
            "coeffs": [
                -9.986726143100654,
                4.615786248590819,
                7.642616932840269,
                -2.7603597675960323,
                6.211369011324798,
                -0.927754248153132,
                -9.154843106697257,
                8.444266732418036,
                -6.9170836662879704,
                -4.603192060107395,
                -3.0839157236358457,
                7.342479997741023,
                -3.2037410993281217,
                -3.029100036867036,
                8.35112332988037,
                -6.642068212413763
            ],
            "integral": -2212772408775947.2
        }
    }
}