{
    "description": "Analytic integrals of polynomials in 2D",
    "values": {
        "range": [
            3.4,
            9.7,
            -3.5,
            2.1
        ],
        "P0": {
            "coeffs_u": [
                5.260796289888214
            ],
            "coeffs_v": [
                -8.227835404434218
            ],
            "integral": -1527.093599402493
        },
        "P1": {
            "coeffs_u": [
                1.7977945328855363,
                -9.877036670425309
            ],
            "coeffs_v": [
                -4.7787550130606515,
                -1.191055982263432
            ],
            "integral": 8753.985977733073
        },
        "P2": {
            "coeffs_u": [
                7.490791001660206,
                -2.931241692910584,
                8.43723949752447
            ],
            "coeffs_v": [
                -2.526372665756231,
                -2.640960465203279,
                -8.994409717846754
            ],
            "integral": -381453.87811511767
        },
        "P3": {
            "coeffs_u": [
                1.7642694057841428,
                -8.304638256403628,
                -8.317187122623881,
                2.8177553199132426
            ],
            "coeffs_v": [
                8.524585853706565,
                -6.721166662648843,
                5.187051700381783,
                6.147947386888109
            ],
            "integral": -123790.85013786767
        },
        "P4": {
            "coeffs_u": [
                6.90862657607401,
                0.01111625996865584,
                5.095711622767942,
                -7.528830371034669,
                3.703817075905274
            ],
            "coeffs_v": [
                -0.640709174760083,
                4.576701612727092,
                4.455467930263353,
                -1.8401757135069357,
                -8.70796871680504
            ],
            "integral": -42093431.00103033
        },
        "P5": {
            "coeffs_u": [
                -7.896782315539788,
                0.7436074999512261,
                -8.491655195455314,
                -9.790176492353382,
                -1.5991697428755174,
                -6.954041109397478
            ],
            "coeffs_v": [
                0.6554350871442622,
                4.982551703077586,
                6.076264833693465,
                -2.8607727485262835,
                -4.573800588352794,
                -3.477390752880238
            ],
            "integral": -691096268.4984968
        },
        "P6": {
            "coeffs_u": [
                3.596473958755908,
                -8.181692111758078,
                -1.4442766770253108,
                2.430455166261485,
                6.859587361139074,
                9.116183049938122,
                2.8189730070453667
            ],
            "coeffs_v": [
                -8.806895080227438,
                -3.9332558432730362,
                6.230398030567855,
                -1.0789532637297246,
                -4.675996563814615,
                7.4750469320234245,
                -6.281377053692163
            ],
            "integral": -39588879248.96789
        },
        "P7": {
            "coeffs_u": [
                -6.062905500462634,
                2.4777509224636685,
                9.667490540079267,
                6.751175487207501,
                -4.745835567787502,
                3.4425949623323824,
                2.2831149109127935,
                9.224915152991251
            ],
            "coeffs_v": [
                0.5916182126295606,
                1.3502348284579995,
                -4.1159561570753755,
                -8.310679426355964,
                -6.429850700539495,
                6.384290497120347,
                8.99286419847526,
                8.745104138329452
            ],
            "integral": -1690602233345.3335
        },
        "P8": {
            "coeffs_u": [
                -9.488675466967791,
                -6.6957258139149145,
                4.525094601642463,
                -6.647075115726498,
                -0.9308390270582851,
                -5.726895221363913,
                -0.08040669966696967,
                -3.7378882924460965,
                1.9592935701118197
            ],
            "coeffs_v": [
                4.782496686454962,
                -7.90284453051135,
                6.75532262876996,
                8.880583633698578,
                6.12994695523982,
                -2.8740869393388007,
                2.3556325888106837,
                7.2262765818721455,
                -1.8034675945244203
            ],
            "integral": -4134122843158.454
        },
        "P9": {
            "coeffs_u": [
                -9.663035346825362,
                -2.6079003808951313,
                4.164464006114947,
                3.832652201284981,
                9.828736198715742,
                -4.798537998832408,
                -8.86253234144587,
                1.4887146200178236,
                -9.383327133833097,
                3.157032876825909
            ],
            "coeffs_v": [
                2.048729081059692,
                6.587970490645986,
                -6.650554162818089,
                -7.873273267739609,
                5.139168945420867,
                -7.75055846483146,
                -8.474502222167411,
                -9.201170504171639,
                -9.78639085853153,
                -9.270560346936726
            ],
            "integral": 289472423407174.8
        },
        "P10": {
            "coeffs_u": [
                -9.832021982610863,
                -8.187053740301675,
                1.0979774818667014,
                7.530078465958034,
                -9.585014438914957,
                1.7168663300247395,
                -6.02185179505301,
                6.953132592180754,
                -4.962685740365305,
                2.540934421495489,
                8.436338055784557
            ],
            "coeffs_v": [
                -0.7861384666724973,
                -6.081588736168331,
                -4.495733886352536,
                5.664679682963861,
                0.27840773004534825,
                -6.510035479819085,
                -0.3016144449178011,
                3.6609619237504205,
                -3.2148716764064673,
                -8.729974041397757,
                -0.697134984498982
            ],
            "integral": 7936889290950446.0
        },
        "P11": {
            "coeffs_u": [
                5.53544421567927,
                1.9535011755399267,
                6.688383510107638,
                -6.159587124756607,
                3.782413593344012,
                -1.3764356230988,
                7.955713281366318,
                6.355071895801444,
                6.973273652085545,
                -1.481409154109981,
                -0.4009669331369281,
                6.086541411818207
            ],
            "coeffs_v": [
                -4.829404346015753,
                2.2567287218970193,
                7.386027473132792,
                -8.54647522299974,
                0.13645548745062897,
                -4.6117181441602,
                -2.3152609923953698,
                4.044760713620985,
                -7.493768220872312,
                1.7136346105654354,
                -7.746152184258137,
                -0.29782381869214625
            ],
            "integral": -2.52451404710097e+17
        },